Channel Name,Subscribers,Total Views,Avg. Likes,Engagement Rate,Upload Frequency,Video Titles,Input URL,Channel ID,Total Videos,Error
Anurag Aggarwal: Business Coach,5240000,1972641996,44293.73,0.8453,0.61 videos/week,"['Kill your loan fast | Anurag Aggarwal | In Hindi #loan', 'Ultimate Guide To Health Insurance 2025 | Anurag Aggarwal | In Hindi #healthinsurance', 'Top 10 selling cars (Jan 2025) | Anurag Aggarwal | #top10 #cars #2025', 'Top 10 stock exchanges worldwide | Anurag Aggarwal | #top10 #stockmarket', 'Top 5 pharma companies by market cap | Anurag Aggarwal | #top10 #vs', 'Top 10 car companies | Anurag Aggarwal', 'Name countries that start and end with same letter | Anurag Aggarwal', 'Top 10 peaceful countries in 2024 | Anurag Aggarwal', 'Top 10 Greatest Men of all Times | Anurag Aggarwal', 'Zerodha VS Fyers VS Dhan | Anurag Aggarwal', 'Invest wisely in Real Estate | Master Real Estate in Minutes | Anurag Aggarwal', '₹20,000 to ₹50,000: 10 Tips to Increase Your Income from Home! #income #finance', 'Top 10 theme parks 2024 | Anurag Aggarwal', 'Top 10 Comedians | Anurag Aggarwal', 'Fanbase of the following actors called? | Anurag Aggarwal']",Anurag Aggarwal: Business Coach,UCBM6AwaDl8uPVAN_BUIqPUw,1398,
bekifaayati,1870000,549423804,10308.33,0.5512,5.65 videos/week,"['GST on UPI Transactions', '2 FREE Flight Tickets || Best Travel Credit Card', 'Best HDFC Credit Card ||  HDFC Credit Card - Best in 2025', 'Should You Rent or Buy a House? What Makes More Sense in 2025', 'Pay 2X for your Car', 'Challan Kat Gaya', 'SIP ka Sacch', 'Home Loan Prepayment Penalty', 'Car Modification Rules', 'BEST Health Insurance Plans 2025 : Niva Bupa Health Insurance vs HDFC Ergo Optima Secure', 'Mummy ko Scam se bacha liya || UPI Circle', 'Best AC to Buy? 3 Star vs 5 Atar', 'How Car Dealers Scam You', 'Earn Lakhs from Gold', 'Best Investment Plan for Monthly Income  || 6 Schemes for ₹60,000 Fixed Income']",bekifaayati,UCdvOCtR3a9ICLAw0DD3DpXg,903,
Invest Aaj For Kal,3010000,709376349,13802.93,0.4586,10.99 videos/week,"['Stocks buy at 40% discount', 'Operator stock pata karne ki trick', 'NRI Demat account opening - Step by Step process | NRI (Non resident Indian) Demat account opening', '50000 Rs per girl child', '5000 Rs per month | Skill vs marks', 'Bitcoin, Nifty, Gold - Analysis | Stock market crash again? |', 'Car sale pe 2 lakh Rs loss', 'Ather Energy IPO | Will It Ride India’s EV Growth? | Price, Anchor book and Details |', 'India vs Pakistan War - Stock market history', 'India vs Pakistan war? Stock market crash?', 'Pahalgam Attack - India Vs Pakistan war - Stock market crash?', 'Earn regular income with Option selling strategy with 0 unhedged risk | Future and Option Simplified', 'Indus water treaty - Impact on Pakistan?', 'Stock market ready to fall again? 24/4/2025', 'Pahalgam Attack - Kashmir']",Invest Aaj For Kal,UCWHCXSKASuSzao_pplQ7SPw,2951,
Learn With Lokesh Lalwani,1320000,59502035,5038.4,0.3817,1.40 videos/week,"['Earn Second Salary by running a Faceless YouTube channel 🚀', 'Earn upto Rs. 2000 using AI  🔥', 'Earn upto Rs. 1794 per day as Second Salary in 2025 🚀', 'Smartest way to earn upto Rs. 1350 per day as Second Salary in 2025 🚀', 'Earn upto Rs. 900 per day as Second Salary in 2025 🚀🚀', 'Part Time Trick to Earn upto ₹450 per hour from Home in 2025 🔥📈', '#1 Excel trick to earn upto Rs. 1299 per project as Second Salary in 2025 🚀', 'SALES JOB to DATA ANALYST 🚀 earning 💸💸 LPA', 'Smartest way to earn upto Rs. 1739 per day as Second Salary in 2025 🚀', 'Earn upto Rs. 1309 per day as Second Salary in 2025 🚀', '#1 Trick to earn upto Rs. 1745 per day as Second Salary in 2025 🚀', 'How She became Senior Data Analyst at Walmart in USA 😲', 'Earn Rs. 1365 per day as Second Salary in 2025 🔥', 'Earn upto Rs. 910/day 🚀  #earnmoneyonline', '🔥 Earn upto Rs. 912 per day as Second Salary in 2025 🚀']",Learn With Lokesh Lalwani,UCFAr3FQxRhSzVNOD3vq1gMQ,443,
CA Rahul Malodia: Business Coach,6590000,1043638646,24487.87,0.3716,7.01 videos/week,"['The Real Story of Groww | From Zero to ₹70,000 Crore Empire | Case Study', 'Stock Market का हाल बेहाल! #shorts #stockmarket #stocks', 'अब घूमने के भी सरकार देगी पैसे !  #onlineearning #travel #traveling', 'Ram Mandir, Waqf Board, Babri Masjid & Bulldozer Baba Ft. Shantanu Gupta #shorts', 'Adani group को तोड़ने की साजिश हुई Fail ! #adanigroup #adani', 'BlinkIT बना Zomato के लिए वरदान? #shorts #swiggy #trending', 'आखिर कैसे होती है Films की marketing ? कैसे बनती है Film Superhit? #films #movies #trending', 'अब चुप नहीं बैठेगा India !  | Pahalgam Terror Attack #pahalgam #pahalgamattack', 'HUL vs Honasa: Brand War! #shorts #trending #unilever', 'Kirana vs 10-Min Delivery: कौन जीतेगा? #shorts #blinkit #zepto #swiggy', 'खुद के दम पर खड़ा किया करोड़ो का Business Empire! Sidhi Marwadi Podcast  #shorts #podcast', 'Data Centres की कमी से झूझ रहा भारत! क्यों चाहिए अच्छा Data Centre Infrastructure #shorts #data', 'IPL के बिना कैसे चलेगा JioHotstar? | क्या है Mukesh Ambani की Business Strategy ? #shorts #ambani', 'Zomato कर रहा है आपकी health ख़राब ? #shorts #swiggy #blinkit', 'CSK की Business Growth देखकर हो जाओगे Shock ! ₹10,000 Cr का Business Empire | Case Study']",CA Rahul Malodia: Business Coach,UCPgfM-dk3XAb4T3DtT6Nwsw,1075,
Skillsiya,970000,69682382,2143.53,0.221,0.69 videos/week,"['This FREE AI Tool Changed How You Learn Forever 🔥 | NotebookLM Full Tutorial', 'Top 6 High Paying AI-Proof Tech Skills | 97 Million Jobs Coming By 2030🔥', 'Google 10+ FREE AI Courses 🔥 | FREE Certificates & Cash Rewards, Gifts 🎁', '5 High-Paying Skills for 6-Figure Income (No Degree Required!)', 'ये 6 Best Computer Courses जीवन बदल देंगी ! 2025 | After 10th & 12th | सबसे अधिक Salary', '🔥 FREE 35,000+ Internship LIVE! | Stipend ₹3.6 Lakh + Job Offer – Biggest Fair, Don’t Miss!', '🔥 ISRO Free Python Course with Certification | Master Python, AI & ML | Don’t Miss🚀', 'Cyber Security Expert FREE में कैसे बने? | Google, IBM, TATA Job Ready Courses 🔥 (2025)', 'FREE Online Courses ✅ Get Certified & Job-Ready in 2025!', 'ये 7 High-Value Skills ज़िंदगी बदल देगी! | Everyone Must-Learn in AI Era 2025', 'Learn Storytelling in 8 Minutes – Must-Have Skill in the Age of AI 🔥', 'Animator कैसे बने? | Best 2D Animation Course in Hindi 🔥 | High-Income Skills 2025', '10 Future-Proof Careers Without an Engineering Degree | 🤑High Paying | Irreplaceable🔥', '🔥 Remote Jobs कैसे पाएं? | 8 Best Websites to Get High Paying Jobs', 'Power BI फ्री में सीखो और कमाओ! | Best Freelance Skill 2025 | Learn for FREE in Just 7 Days! 🚀']",Skillsiya,UCsQ6_w5iUOUOMAUPclg2kcg,306,
Spreading Gyan,4480000,335129688,8831.13,0.1971,1.36 videos/week,"['Youtube Channel Kaise Banaye | youtube channel kaise banaen 2025 | How To Create A Youtube Channel', '🤬 Reply To HATERS', 'सब खत्म 😭 2 Community Guidelines Strike ek sath aaya | Channel Delete हो जाएगा मेरा | Please HELP', '🎥 Copyright-Free Shorts से पैसे कैसे कमाएँ? | Reused Content को Monetize करें सही तरीके से!', 'How To Open Demat Account | How To Open Trading Account | Demat Account Kaise Khole', '🔴Live Proof 👉1 Views पर  ₹1 😱 Kitne View Par Kitna Paisa Milta Hai #shorts #spreadinggyan #earning', 'SUBSCRIBERS की बारिश 😲Shorts का New Channel बनाकर Grow करना है तो ये Trick लगाओ || 7 दिन मे VIRAL', '😱""पहला Shorts डालते ही आया Growth? 📈 ऐसी Strategy आजमाओ और Channel Grow करो | Spreading Gyan', '😱आपके YouTube CHANNEL का SETTING ही गड़बड़ है, इसलिए ❌️VIEWS ❌️SUBSCRIBER नही आ रहे ? Spreading Gyan', '😱अगर 90 दीन मे ❌️1000 SUBSCRIBER ❌️10M VIEWS पूरा नही हुआ तो क्या करना होगा ? Youtube Shorts Policy', 'Copyright Claim Kaise Hataye | How To Remove Copyright Claim On Youtube | copyright claim on video', '😱 दूसरो के #Shorts को Copy-Paste करके लाखो कमाओ ( चैनल Monetize होगा) new shorts channel idea', '😱Youtube Video Upload Karne Ka Sahi Tarika | Youtube Par Video Kaise Upload Kare | how to upload', 'Facebook id Kaise Banaen | facebook ki id kaise banaen | facebook account kaise banaye', 'YouTube Monthly Earnings.. (Power Of Youtube) #motivation #spreadinggyan #shorts']",Spreading Gyan,UCZDCqcWZVNyvTSsoc-chKJg,335,
Manoj Dey,7010000,1001589231,11497.53,0.164,4.40 videos/week,"['Long से ज़्यादा पैसा Shorts में 😱 Live Earning Proof | 100K Shorts Views = कितना पैसा ?', 'Complete 1000 Subscribers & 4000 Watchtime in Just 30 Days | New Trick | 100% Working', 'मेरा Monetisation Disabled हो गया 😭 अब Paisa नहीं आयेगा 🙏🏻', 'Good News | Facebook Content Monetisation सबको मिल रहा है 🤩 Facebook Monetisation Big Update🔥', 'Youtube की मनमानी 🤬 Anurag Dwivedi Got 3 Strikes !!', 'ये गलती मत करना Channel Monetise नहीं होगा !! Reused Content Policy 2025', 'Mercedes कितने की पड़ी ? पढ़ाई करे या Youtube ? QNA', 'Sourav Joshi Reality ? Exposed || 5 Cr का Car Collection 🤡', 'इससे अच्छा कोई Mic नहीं ! Dji Wireless Mic For YouTube Videos 🔥', 'Auto-Dubbed क्या है ? कैसे Enable करे ? New Update 2025 🔥', 'sapne humesha bada dekho 😎 #manojdey #shorts', 'Good News | कम Subscribers में भी मिलेगा Sponsorships🤑', 'Good News | Youtube Monetization Biggest Update 2025 | सारा झमेला खत्म हो गया 🤩', 'इस App से रोज़ कमाओ Upto ₹7000 | Best Earning App 2025 🔥', 'Mercedes Kyo Li ?']",Manoj Dey,UCT2xzagsBVtStUCA2ulvKmQ,1728,
We Make Creators,1130000,128286359,640.4,0.0567,3.65 videos/week,"['Live Channel Checking || Friday Special Live Channel Checking || Channel Promotion', 'Live Channel Checking || Friday Special Live Channel Checking || Channel Promotion', '2025 में Viral होने वाले Niche || पैसा और Views भर भर कर आयेगा || Top 3 Viral Niche Ideas of 2025', 'Seo से Viral करे Shorts Video || Shorts Video Seo kaise kare || Youtube Shorts SEO 2025 Tutorials', 'सबसे Fast Grow होने वाले Shorts Channel Ideas ll Top 10 Shorts Channel Ideas ll Grow Shorts Channel', 'कोई भी Video बस 24 Hour में Viral करे || How to Viral YouTube Video In our Niche - Viral secrets', 'सबका Channel Checking होगा || LIVE Channel Checking || Live Channel Checking And Free Promotion', '90 Days में कोई भी Channel Grow करो || How To Grow Channel In 90 Days || 10 Pro Tips For Youtuber', 'JioHotstar Domain वाले बच्चो कि Real Story || 2 Smart Kids Vs JioHotstar || Jainam & Jivika Podcast', '10K Followers से Rs 50,000 Earn करे || Instagram Se Paise kaise Kamaye || How To Grow On Instagram', 'इस Time Reel Viral होता है || Instagram Reel Uploading Time || Best Time To Post Reel On Instagram', 'बिना Face दिखाये Video बना कर लाखो Earn करे || Top 50 Channel Ideas || Channel Ideas For Youtube', 'Youtube Channel से पैसे Earn करे || Youtube Se Paise kaise Kamaye || How To Earn Money On Youtube', 'इस एक 3S Formula से Video Viral होने से कोई नहीं रोक सकता || Grow Your YouTube Channel Fast In 2025', '3S Formula से Video Viral करे || How To Make Viral Youtube Video || 3S Formula To Viral Your Video']",We Make Creators,UCr6hHjMNvgQxErQ1ZJV4drw,1413,
WorkerVoice.in,1230000,107471110,599.4,0.0487,3.12 videos/week,"['Sahara India Ka Paisa Milega ki Nahin, सहारा पोर्टल पर अब क्लेम करें या नहीं | आपके अहम सवाल का जबाव', 'Sahara India Refund payment मिला कि नहीं जब रिक्लेम किया, Sahara India Payment Ke Bare Mein जानकारी', 'Central Government Security Guard Salary अब 27 हजार से भी ज्यादा मिलेगा, Private Security Guard News', 'Sahara India Portal रिफंड नहीं मिला, Canara Bank में कितना सैलरी मिलना चाहिए Worker Voice Live', 'Kishan Fasal Muavja 2025 विरोध प्रदर्शन, अनुमंडल कृषि पदाधिकारी के सामनेसुरजीत शामिल ने रखा यह मांग', 'Kisan ko Muavja Kaise Milega - किसानों का फसल नुकसान मुआवजा, पटोरी कृषि पदाधिकारी ने कहा?', 'Sahara India ka Paisa और प्राईवेट कर्मचारी का नौकरी से जुड़ा सवाल फोन Live on Sunday @WorkerVoice', 'Sahara India Ka Paisa पाने का बेहतरीन मौका, मोदी जी के चुनाव से पहले यह करें | Sahara Refund 2025', 'Minimum Wages in Delhi April 2025 मंहगाई भत्ता खुशखबरी, दिल्ली सरकार प्राइवेट कर्मचारी सैलरी बढ़ोतरी?', 'Sahara India ka Paisa और प्राईवेट कर्मचारी का नौकरी से जुड़ा सवाल फोन on Sunday Live @WorkerVoice', 'बिहार में किसानों का फसल का भारी नुकसांन  Kisanon Ko Muaawja Kab Milega, पटोरी धमौन से मांग उठाया', 'पटोरी प्रखंड RTPS काउंटर पर हुआ हंगामा, फिर ऐसे निकला समाधान? Cast Income Residence OBC Certificate', 'Patori के  छात्रों के लिए खुशखबरी, अभी एक दिन में मिलेगा प्रमाण पत्र | Bihar RTPS  Certificate News', 'Central Government Minimum Wage April 2025 खुशखबरी, केंद्र सरकार कॉन्ट्रैक्ट कर्मचारी की सैलरी बढ़ी?', 'Bihar Land Survey Last Date- बिहार भूमि सर्वे आवेदन करने का तारीख 31 मार्च 2025, डेट बढ़ेगा या नहीं?']",WorkerVoice.in,UCfj7SPM25A3RQSYE1YFPyVQ,1379,
CA Rachana Phadke Ranade,5230000,309961906,2243.33,0.0429,3.63 videos/week,"['Where to Invest Rs 10 Lakhs Now? | Investment Strategies | CA Rachana Ranade', 'Where are FIIs Investing? | Nifty Levels | CA Rachana Ranade', 'India | Pakistan | Impact on Stock Market | Analyzing Past Trends | CA Rachana Ranade', 'Gold Outlook 2025 | Is this the Right Time to Buy Gold? | CA Rachana Ranade', ""Investor's Favourite Mutual Fund Type in 2025 |  CA Rachana Ranade"", 'Top 5 Reasons Why This Rally Could Sustain | CA Rachana Ranade', 'Nifty Above 23,800: What’s Next? | CA Rachana Ranade', 'Why do we make Dumb Investing Decisions? |  Behavioural Finance |  CA Rachana Ranade', 'Bengaluru LIVE  Event: Important announcement | CA Rachana Ranade', 'When the Boss Leaves for Bengaluru... 🥺 | Har Ghar Investor | CA Rachana Ranade #shorts', 'Donald trump to checkmate China? | CA Rachana Ranade', 'China’s Secret Tool to Counter US Tariffs? | CA Rachana Ranade', 'Trump Tariff Mystery: A trade war or something more? | CA Rachana Ranade', 'Black Monday: More Pain Ahead? | CA Rachana Ranade', 'Will Nifty Crash on Monday? | CA Rachana Ranade']",CA Rachana Phadke Ranade,UCe3qdG0A_gr-sEdat5y2twQ,1417,
Biz Tak,1960000,947821947,482.2,0.0246,76.03 videos/week,"['SBI Q4FY25 Result: 10% गिरा मुनाफा, Share का क्या होगा? | BIZ Tak', 'SIP शुरू करने का सही समय! ये 3 Mutual Funds कराएंगे दमदार कमाई? | Fayde Ke Fund | BIZ Tak', 'Success Story: करोड़ों की Rolex Watches कैसे हो जाती हैं SOLD OUT?| BIZ Tak', 'RBI का नया खुलासा, ₹2000 को लेकर आ गया बड़ा अलर्ट! | BIZ Tak', 'Gold Prices Fall | ₹7000 तक गिरा सोने का भाव, दाम सुनकर चकरा जाएगा सिर! | BIZ Tak', 'Share Trading Fraud का काला सच, 1 क्लिक में गायब हो गए ₹3 करोड़! | BIZ Tak', 'Sebi की फिर अदाणी पर जांच? | Gautam Adani | Biz Tak', 'PM Modi LIVE:  भारत को मिला पहले Semi-Automated Port Vizhinjam International Seaport का तोहफा!', 'BIZ Adda | सोने पर आ गई सबसे बड़ी भविष्यवाणी! | Gold Price | BIZ Tak', 'Market Roundup | बाजार फंसा गया, उलटे पड़े सौदे? | BIZ Tak', 'OLA ELECTRIC बुरी फंसी, SEBI ने कसा शिकंजा! | BIZ Tak', 'Share Market Live | बाज़ार में किसने अटकाया रोड़ा? | Biz Bazaar Final Bet | BIZ Tak', 'Adani के Shares का फिर चला सिक्का! | Share Market | Gautam Adani | BIZ Tak', 'Share Market में अचानक हो गया बड़ा खेल! | BIZ Tak', 'Gold Price | अचानक सोना खरीदने से दूर भाग रहे लोग, हो गया बड़ा खेल! | BIZ Tak']",Biz Tak,UCSWSOS6YXUbNMzTH-tV7Pfw,29538,
Dear Sir,20300000,2026279133,4829.67,0.0238,10.63 videos/week,"['ERROR DETECTION & CORRECTION CUET | IN ENGLISH GRAMMAR | CONCEPT/RULES/PRACTICE/LEARN | CUET 2025', 'CUET/GAT MOST EXPECTED QUESTIONS | MOST IMPORTANT QUESTIONS | SCORE 100% NOW', 'FOREIGN WORDS | CUET', 'ONE SHOT FOR CUET | FULL REVISION', '🔥 CUET FREE MOCKS 🔥 | WELL RESEARCHED SET OF QUESTIONS & ANSWERS | TARGET FULL MARKS', 'VOCAB BOOSTER | LEARN 1000 VOCAB | CUET | VOCABULARY/WORDS/ENGLISH | CUET/SSC/UPSC', '2025 CUET/GAT | QUESTIONS/STATEMENT & CONCLUSION/SITTING ARRANGEMENT/RANKING/SEQUENCE & SERIES', 'English Vocab Booster 🔥 by @DearSir | #shorts #vocabulary #cuetenglish', 'DIRECT AND INDIRECT SPEECH CUET | IN ENGLISH GRAMMAR | CONCEPT/RULES/PRACTICE/LEARN | CUET 2025', ""because it's against humanity 😞 #pahalgamattack #kashmir #"", 'CUET PREPOSITION | prepositions in english grammar | CONCEPT/RULES/PRACTICE/LEARN | CUET 2025', ""LEARN CLASS 10th ENGLISH | TOPPER'S SECRETS TO SCORE HIGH MARKS | LESSONS/QUESTIONS/UNITS/GRAMMAR"", ""CUET GAT PYQ's SHORT TRICK | GENERAL APTITUDE/LOGICAL/VERBAL REASONING/ ANALYTICAL QUESTIONS"", 'CUET ENGLISH DIAMOND LIVE | QUESTION TAGS IN ENGLISH GRAMMAR WITH EXAMPLES | CONCEPT/PRACTICAL', '🔥 HIDDEN TRUTH BEHIND B.TECH NO ONE TELLS YOU']",Dear Sir,UC9dyrsYEmD4iGJ8Oz1G5dpw,1093,
Sarkari DNA,3730000,568615644,792.73,0.0213,8.88 videos/week,"['PM Awas Yojana Gramin Survey Online Form 2025 | pm awas gramin online apply 2025 | pm awas gramin', 'Angel One Account Opening 2025 | angel broking account opening | angel one app account kaise banaye', 'E Shram Card Kaise Banaye 2025 | e shram card online apply | e shram card registration online 2025', 'Best Zero Balance Bank Account in 2025|| Zero Balance Bank Account Opening Online', 'New voter id card kaise banaye 2025 | Voter Card New Portal | Mobile se voter card kaise apply kare', 'Aadhar card me mobile no link kaise kare 2025 | How to Link Mobile Number to Aadhar Card | uidai', 'PVC Voter Card order Online 2025 | Voter Card ghar kaise mangaye | Voter Card apply online', 'CSC id registration 2025 | csc id kaise banaye | csc center kaise khole | csc id kaise milega', 'PAN Card Correction Online 2025 | PAN 2.0 | पैन कार्ड में संशोधन ऐसे करे | PAN Card 2025 Correction', 'Driving Licence Online Test 2025 | Learning license online test | LL Test 2025', 'PM kisan new update | pm kisan new registration farmer ID | pm kisan apply 20 वी किस्त', 'pm kisan new registration big update  | former ID ￼अब जरूरी ￼￼', 'APAAR ID Card Online Kaise Banaye 2025 | How to create APAAR ID Card Online | APAAR ID Card 2025', 'Pan Aadhaar Link Online 2025 | Aadhar Pan Card Link | Pan card Aadhar Card Link', 'Aadhaar document update 2025 | Online Aadhar card update kaise kare | Update aadhar card- last date']",Sarkari DNA,UCtsetVYMkX8iPFS2oUOcXEw,1257,
Dr Ujjwal Patni Business coach,6760000,472983009,1412.47,0.0209,6.53 videos/week,"['Shocking fraud ? Gpay, PhonePe, Paytm, Digital arrest, ठगी से कैसे  बचें? Dr Ujjwal Patni', 'सोना लोगे\xa0या\xa0पानी? Dr Ujjwal Patni', 'गुटखा-तंबाकू खाते ही नौकरी\xa0जाएगी | Dr Ujjwal Patni', 'How to sell your talent ? अपनी कीमत कैसे बढायें? Dr\xa0Ujjwal\xa0Patni', 'रहस्य! भगवान से अपना काम कैसे करायें? Dr Ujjwal Patni', 'अपनी असली ताकत को कैसे पहचानें? Dr Ujjwal Patni', 'सबको करना चाहिए BABA\xa0TEST | Dr Ujjwal Patni', ""The Price of Ambition: Lessons from Blusmart's Downfall"", 'आज से SALES बंद | Dr Ujjwal\xa0Patni', 'कोट की बांह में बटन क्यों? What an\xa0Idea | Dr Ujjwal Patni', 'ABCD | The Secret Formula for Achieving Greatness | Dr Ujjwal Patni', 'गीता सुनाओ, स्कॉलरशिप ले\xa0जाओ | Dr Ujjwal Patni', 'मन करता है, इनको कूट\xa0दूँ | Dr Ujjwal Patni', 'How AI will Kill Millions of Jobs? How to save your Job?\xa0Dr Ujjwal\xa0Patni', 'यदि ओशो शिक्षा मंत्री होते तो क्या\xa0सिखाते? Dr Ujjwal Patni']",Dr. Ujjwal Patni Business Coach,UCqXCX2DnQZh8e4VNT7MPTtA,1206,
Upcoming World,1500000,312776997,301.13,0.0201,4.09 videos/week,"['Instagram Verification Badge Only ₹45 | Instagram Par 45 Rupees Me Blue Tick Kaise Lagaye 2025', 'Instagram Par Professional Dashboard Kaise Hataye |How To Delete Professional Dashboard On Instagram', 'Instagram Blend Feature Kya Hai ? | How to Use Instagram Blend | What is Instagram Blend Use ?', 'What is Edits On Instagram App | How to Edit Reels Videos On Instagram Edits App | Edits App Launch', 'How To Change Instagram Password 2025 | Instagram Password Change Kaise Kare', 'Facebook Account Delete Kaise Kare | How To Delete Facebook Account Permanently | Fb id delete Kaise', 'Blend On Instagram | What is Instagram Blend | How to use Instagram Blend works ?', 'Whatsapp status me photo ke sath song kaise lagaye | add music with photo in whatsapp status 2025', 'facebook ka password kaise pata kare | facebook password kaise pata kare apna | fb password change', 'UNLOCK THIS FROM REEL DESIGN | Instagram New Feature Lock Reel | Reel Lock On Instagram New Update', 'Gmail Ka Password Kaise Dekhe | Gmail Password Kaise Pata Kare | gmail id ka password kaise pata kre', '9 Smartphone Myths You are Wrong About!', 'AC लेने से पहले देखलो #shorts', 'How to Read Whatsapp Deleted Message | Whatsapp Deleted Message Kaise padhe ?', 'Instagram Account Delete Kaise Kare Permanently 2025 | How To Delete Instagram Account Permanently']","Upcoming World",UC2gdXA4n6_yEHos7CyQk7rA,1269,
SJ SEARCHING,777000,8063024,138.73,0.0179,4.57 videos/week,"['SuperFast Trick | Instagram Followers Kaise Badhaye | Instagram Par Followers Kaise Badhaye 2025', 'Instagram Follower Kaise Badhaye | instagram Par Followers Kaise Badhaye | Free instagram followers', 'Instagram Follower Kaise Badhaye | Instagram Par Followers Kaise Badhaye | Free instagram Followers', 'Instagram Follower Kaise Badhaye | Instagram Par Followers Kaise Badhaye | Free Instagram Followers', 'Instagram follower kaise badhaye | instagram Par followers Kaise badhaye | Free Instagram Followers', 'Instagram follower Kaise Badhaye | Instagram Par Followers Kaise Badhaye | Free instagram followers', 'Instagram Follower Kaise Badhaye 2025 | Instagram Par Followers Kaise Badhaye | Instagram Followers', 'Instagram Follower Kaise Badhaye | Instagram Par Followers Kaise Badhaye | Free Instagram Followers', 'Instagram follower kaise Badhaye | instagram par Followers Kaise Badhaye | Free Instagram Followers', 'Instagram Follower Kaise Badhaye | Instagram Par Followers Kaise Badhaye | Free instagram Followers', 'Instagram Follower Kaise Badhaye | Instagram Par Followers Kaise Badhaye | Free instagram Followers', 'Instagram Follower Kaise Badhaye | Instagram Par Followers Kaise Badhaye | Free instagram Followers', 'घातक ट्रिक 🔥 | Instagram Follower Kaise Badhaye | Instagram Par Followers Kaise Badhaye', 'Instagram Followers kaise Badhaye | Instagram follower Kaise Badhaye | Free instagram followers', 'Kaise Badhaye Instagram Follower 🔥 Instagram Par Followers Kaise Badhaye | Free Instagram Followers']",SJ SEARCHING,UC2zYoCWdj3qLtAspeirqWUQ,341,
Money9,1790000,205625533,180.73,0.0101,96.08 videos/week,"['BEL Share, Cochin Shipyard Share, BDL Share, HAL Share, ZEN Tech Share में कहां होगी कमाई?', ""Don't made such mistakes during ITR refund request | ITR फाइलिंग में कब अटकेगा आपका रिफंड? | Money9"", 'Gold Price Fall | Gold Rate | Gold Price to Fall in Near Future, Check the Prediction? Gold Outlook', 'Indian Bank | FD के लिए आई सबसे धांसू स्कीम! | Money9', 'UltraTech Cement, Jyoti Structures, Federal Bank, Coal India, JSW Energy Share में क्या करें?', 'India Pak Tension और FII’s फ्लो का ट्रेंड! #shorts #shortvideo #indiapakistantension #fiis', 'Rohit Sharma | Jasprit Bumrah | Aamir Khan ने सेकेंडरी मार्केट में खरीदे इतने शेयर | Stock Market', 'Stock Market Impact | India Pakistan Conflict और Tariff Tension में कौन से Share बेहतरीन?', 'SIP Return के लिए अब बदल लो रणनीति! Best Mutual Fund SIP Portfolios to Invest |', 'JSW Steel, Tata Tech, SBI, Paras Defence, Reliance Power, IREDA, Indus Towers में बड़ी हलचल', 'Term Insurance Plan: जितनी जल्दी लेंगे प्लान, उतना ही कम चुकाना होगा प्रीमियम, जाने कैसे?', ""Adani Ports, Adani Green, Dr Reddy's, Sun Pharma, Lupin, Hero Motocorp, SAIL में क्या करें?"", 'Ola Electric Under SEBI Lens for Insider Trading; Shares Trade Flat | Meenu Sharma| Money Time', 'BEL, HAL, BEML, BDL, GRSE, Adani Port, ICICI Bank, JSW Steel, Federal Bank share में क्या करें?', 'Nifty Prediction for Monday | Share Market Outlook | 5 मई को कैसी रहेगी Nifty, Bank Nifty की चाल']",Money9,UCdYV_l-cgsMRHZvp0zkmujg,23135,
SOCIALEPFO,1670000,12686006,87.67,0.0052,8.84 videos/week,"['Avail EPFO services through the UMANG app using your smart devices.', 'Income Tax Provisions on EPF | Part 3 - Form 15G/15H', 'EPFO QUIZ TIME', 'EPFO Quiz Time', 'Nidhi Aapke Nikat 2.0 Camp | Goa', 'Nidhi Aapke Nikat 2.0 Camps Glimpses', 'Live Session on ""EPF Claims: Types & Processes and UAN Allotment & Activation Using UMANG App""', 'Nidhi Aapke Nikat 2.0 camp | Mumbai Suburban, Maharashtra', 'Modify Date of Joining/Exit in EPF Account Hassle-free', ""Income Tax Provisions on EPF | Part 2 - Employee's Contribution"", 'ईपीएफओ | क्विज', 'EPFO | Quiz Time', 'Nidhi Aapke Nikat 2.0 | Bareilly, Uttar Pradesh', 'Nidhi Aapke Nikat 2.0 Camp | 28th April 2025', 'Nidhi Aapke Nikat 2.0 Camp | Agra, Uttar Pradesh']",SOCIALEPFO,UClmVVcYuH0ZPm3qsPm1TQIg,683,
NDTV Profit,1250000,374093096,49.73,0.004,93.12 videos/week,"['Kotak Mahindra Bank Q4 Results: Management On The Impact Of Rate Cut And U.S Tariffs', ""From Political Rival To Trump's Top Diplomat: How Rubio Proved Himself As Trump's Loyal Foot Soldier"", 'PM Modi Praises Andhra Pradesh CM Chandrababu: Says Learned From Chandrababu During Gujrat CM Days', 'SBI Chairman CS Setty Speaks To NDTV Profit After The Q4 Results', 'Kotak Mahindra Press Conference LIVE: Kotak Q4 Results Management Live', 'India Bans All Imports From Pakistan Amid Pahalgam Attack | Kashmir Terror Attack News', 'SBI Press Conference LIVE: SBI Q4 Results Management Live', 'Goa Stampede News: Six Killed, Over 50 Injured In Stampede At Shirgaon Temple In Goa', ""Babar Azam, Shahid Afridi's Accounts Blocked In India | Pahalgam Attack News"", 'Watch LIVE: WAVES Summit In Mumbai | Aamir Khan LIVE | Sanjay Pugalia LIVE', ""Can Waaree Energies Become India's BIGGEST Solar Company? | Inside Waaree Energies Expansion Plans"", ""Vizhinjam Port's Pivotal Role In Transforming India's Logistics"", 'Comparing Indian Army Vs The Pakistan Army: From Rafales To F16s, How The Military Stacks Up', 'Rebel Foods: The Brand Behind Faasos, Behrouz Biryani, Ovenstory | The Disruptors', 'Watch: WAVES Summit In Mumbai | Sanjay Pugalia | Gaurav Gandhi | Nikhil Madhok']",NDTV Profit,UC3uJIdRFTGgLWrUziaHbzrg,45498,
